{"cameraMode":{"drawMode":0,"name":"Shaded","section":"Shading Mode"},"sceneLighting":true,"audioPlay":false,"sceneViewState":{"m_AlwaysRefresh":false,"showFog":true,"showSkybox":true,"showFlares":true,"showImageEffects":true,"showParticleSystems":true,"showVisualEffectGraphs":true,"m_FxEnabled":true},"in2DMode":false,"pivot":{"x":12.198143005371094,"y":-24.330406188964845,"z":-29.903921127319337},"rotation":{"x":0.07899113744497299,"y":0.9112208485603333,"z":-0.3470463454723358,"w":0.20740178227424622},"size":24.80457878112793,"orthographic":false}